Last Traded Time,Company Name,Symbol,Last Traded Price (Rs),Trade Volume,Share Volume,Turnover (Rs),Change (Rs),Change (%)
,CITY HOUSING & REAL ESTATE CO. PLC,CHOU.N0000,0,,,,0,0
,AITKEN SPENCE PLANTATION MANAGEMENTS PLC,ASPM.N0000,45.5,,,,0,0
,PARAGON CEYLON PLC,PARA.N0000,0,,,,0,0
,OFFICE EQUIPMENT PLC,OFEQ.N0000,0,,,,0,0
,CEYLON & FOREIGN TRADES PLC,CFT.N0000,0,,,,0,0
,HUEJAY INTERNATIONAL INVESTMENTS PLC,HUEJ.N0000,0,,,,0,0
,TESS AGRO PLC,TESS.N0000,0,,,,0,0
,CEYLINCO INSURANCE PLC,CINS.N0000,1955,,,,0,0
,STANDARD CAPITAL PLC,SING.N0000,0,,,,0,0
,MTD WALKERS PLC,KAPI.N0000,0,,,,0,0
,LANKA CEMENT PLC,LCEM.N0000,0,,,,0,0
,CEYLON PRINTERS PLC,CPRT.N0000,0,,,,0,0
,AGSTAR PLC,AGST.X0000,5,,,,0,0
,ADAM CAPITAL PLC,PCHH.N0000,0,,,,0,0
,SWARNAMAHAL FINANCIAL SERVICES PLC,SFS.N0000,0,,,,0,0
,AMW CAPITAL LEASING AND FINANCE PLC,AMCL.N0000,22.4,,,,0,0
,MERCANTILE INVESTMENTS AND FINANCE PLC,MERC.N0000,2600,,,,0,0
,SENKADAGALA FINANCE PLC,SFCL.N0000,90.53,,,,0,0
,TESS AGRO PLC,TESS.X0000,0,,,,0,0
,LUCKY LANKA MILK PROCESSING COMPANY PLC,LLMP.N0000,0,,,,0,0
,LUCKY LANKA MILK PROCESSING COMPANY PLC,LLMP.X0000,0,,,,0,0
,ADAM INVESTMENTS PLC,AINV.N0000,0,,,,0,0
,SWADESHI INDUSTRIAL WORKS PLC,SWAD.N0000,17987,,,,0,0
01:04 PM,CONVENIENCE FOODS (LANKA )PLC,SOY.N0000,1250,11,192,239015.75,45,3.73
01:04 PM,ARPICO INSURANCE PLC,AINS.N0000,22.4,16,2315,52068.5,0.2,0.9
01:07 PM,TRANS ASIA HOTELS PLC,TRAN.N0000,58.6,7,1210,70851.1,0.5,0.86
01:07 PM,NAMUNUKULA PLANTATIONS PLC,NAMU.N0000,154.25,7,2020,311760,-3,-1.91
01:10 PM,SERENDIB HOTELS PLC,SHOT.X0000,11,5,107,1179.9,0.4,3.77
01:21 PM,BOGAWANTALAWA TEA ESTATES PLC,BOPL.N0000,11.6,3,870,10091,0,0
01:24 PM,C T LAND DEVELOPMENT PLC,CTLD.N0000,25.5,7,15010,383255.5,0,0
01:25 PM,HAPUGASTENNE PLANTATIONS PLC,HAPU.N0000,16.8,1,10,160,0,0
01:26 PM,KAHAWATTE PLANTATIONS PLC,KAHA.N0000,27.9,4,110,3070,-0.1,-0.36
01:27 PM,MAHAWELI REACH HOTELS PLC,MRH.N0000,14.2,4,630,8946,-0.1,-0.7
01:27 PM,MERCHANT BANK OF SRI LANKA & FINANCE PLC,MBSL.N0000,6.8,16,11854,80608.3,-0.1,-1.45
01:27 PM,KELSEY DEVELOPMENTS PLC,KDL.N0000,32.5,1,10,321,0,0
01:36 PM,CEYLON BEVERAGE HOLDINGS PLC,BREW.N0000,750,3,5,3913,0,0
01:36 PM,HIKKADUWA BEACH RESORT PLC,CITH.N0000,6,5,5375,32248,0.1,1.69
01:36 PM,LANKA ASHOK LEYLAND PLC,ASHO.N0000,707,11,503,355703.75,5.25,0.75
01:36 PM,RENUKA CITY HOTEL PLC,RENU.N0000,233,2,3,708,0,0
01:38 PM,LANKA CERAMIC PLC,CERA.N0000,154.25,53,7625,1187836,-4.5,-2.83
01:41 PM,LANKEM CEYLON PLC,LCEY.N0000,26.9,68,41082,1114659.3,0.8,3.07
01:43 PM,COLOMBO DOCKYARD PLC,DOCK.N0000,75,11,8190,614224,2.1,2.88
01:43 PM,SERENDIB HOTELS PLC,SHOT.N0000,16.3,5,3139,51156.8,0.1,0.62
01:44 PM,BROWNS BEACH HOTELS PLC,BBH.N0000,10.4,49,96571,994554.9,0.3,2.97
01:44 PM,THE LIGHTHOUSE HOTEL PLC,LHL.N0000,37,15,14616,540537.2,0,0
01:45 PM,GUARDIAN CAPITAL PARTNERS PLC,WAPO.N0000,32.7,28,15243,500976.3,0.5,1.55
01:45 PM,BANSEI ROYAL RESORTS HIKKADUWA PLC,BRR.N0000,10,78,45372,462264.6,0.8,8.7
01:45 PM,LION BREWERY CEYLON PLC,LION.N0000,565.5,2,11,6229.5,0,0
01:45 PM,ODEL PLC,ODEL.N0000,19,11,2106,40267,0,0
01:48 PM,UNITED MOTORS LANKA PLC,UML.N0000,77,35,18784,1447147.1,-0.5,-0.65
01:48 PM,CEYLON HOSPITALS PLC (DURDANS),CHL.N0000,105,5,3023,317685,-1.75,-1.64
01:49 PM,SATHOSA MOTORS PLC,SMOT.N0000,235.25,2,8,1835.25,0,0
01:50 PM,EQUITY TWO PLC,ETWO.N0000,57.6,6,26,1672.9,0,0
01:53 PM,SERENDIB LAND PLC,SLND.N0000,2211,2,2,4460,0,0
01:53 PM,MILLENNIUM HOUSING DEVELOPERS PLC,MHDL.N0000,5.8,13,13370,78110,-0.2,-3.33
01:53 PM,CITRUS LEISURE PLC,REEF.N0000,10.5,24,60479,635631.5,-0.1,-0.94
01:53 PM,CEYLON HOTELS CORPORATION PLC,CHOT.N0000,13.7,29,13949,192600.8,0,0
01:56 PM,COMMERCIAL DEVELOPMENT COMPANY PLC,COMD.N0000,157.5,43,5305,833445.5,6.75,4.48
01:56 PM,THE FORTRESS RESORTS PLC,RHTL.N0000,10.7,15,7601,82301.4,-0.4,-3.6
01:57 PM,SINGER FINANCE (LANKA) PLC,SFIN.N0000,16.2,46,56542,916110.7,0.3,1.89
01:57 PM,PRINTCARE PLC,CARE.N0000,31.9,14,21906,699797.3,0.1,0.31
01:57 PM,DIESEL & MOTOR ENGINEERING PLC,DIMO.N0000,500,34,1792,895102,-4.5,-0.89
01:58 PM,RENUKA AGRI FOODS PLC,RAL.N0000,4,31,122578,481870.8,0,0
01:58 PM,SOFTLOGIC CAPITAL PLC,SCAP.N0000,3.7,34,175570,660846.9,-0.1,-2.63
01:59 PM,SERENDIB ENGINEERING GROUP PLC,IDL.N0000,6,7,5432,32477.6,0,0
01:59 PM,ACME PRINTING & PACKAGING PLC,ACME.N0000,6.2,6,6610,41062,-0.1,-1.59
01:59 PM,E-CHANNELLING PLC,ECL.N0000,6,27,12073,73165.8,0,0
02:00 PM,RENUKA HOLDINGS PLC,RHL.X0000,12,11,14311,170858.7,0,0
02:00 PM,ALLIANCE FINANCE COMPANY PLC,ALLI.N0000,72,55,27760,1965851.4,-0.7,-0.96
02:01 PM,BUKIT DARAH PLC,BUKI.N0000,304.5,23,1837,559457.75,-1.25,-0.41
02:01 PM,THE LANKA HOSPITALS CORPORATION PLC,LHCL.N0000,46.3,44,46052,2096355.8,-0.4,-0.86
02:01 PM,ASIA CAPITAL PLC,ACAP.N0000,5.7,78,367358,2061320,0.4,7.55
02:03 PM,COLOMBO INVESTMENT TRUST PLC,CIT.N0000,129.5,5,916,118687.25,2.5,1.97
02:05 PM,LANKA VENTURES PLC,LVEN.N0000,57.1,7,23631,1349216.8,-0.1,-0.17
02:05 PM,AGALAWATTE PLANTATIONS PLC,AGAL.N0000,25.3,13,1802,45591.4,-0.9,-3.44
02:05 PM,ROYAL PALMS BEACH HOTELS PLC,RPBH.N0000,19,8,12105,230115,0,0
02:06 PM,CARGILLS (CEYLON) PLC,CARG.N0000,245,26,13535,3316830,-0.5,-0.2
02:06 PM,CEYLON HOSPITALS PLC (DURDANS),CHL.X0000,89,6,10801,961349,-1,-1.11
02:06 PM,HUNAS FALLS HOTELS PLC,HUNA.N0000,175,6,337,58934.75,3,1.74
02:08 PM,LAKE HOUSE PRINTERS AND PUBLISHERS PLC,LPRT.N0000,155,13,315,48902,0,0
02:09 PM,BLUE DIAMONDS JEWELLERY WORLDWIDE PLC,BLUE.N0000,0.8,10,21985,17574.2,0,0
02:09 PM,PEOPLE`S MERCHANT FINANCE PLC,PMB.N0000,7.1,7,2160,15356,0,0
02:10 PM,EASTERN MERCHANTS PLC,EMER.N0000,6.5,133,495896,3231399.5,0.2,3.17
02:10 PM,HOTEL SIGIRIYA PLC,HSIG.N0000,79.4,23,11308,887138.8,1.6,2.06
02:10 PM,AMBEON CAPITAL PLC,TAP.N0000,5.8,63,145052,853935.2,0.1,1.75
02:11 PM,SRI LANKA TELECOM PLC,SLTL.N0000,34.4,29,14934,512900.6,0.4,1.18
02:11 PM,SANASA DEVELOPMENT BANK PLC,SDB.N0000,50.9,70,36278,1856327.5,-0.2,-0.39
02:12 PM,CEYLON GUARDIAN INVESTMENT TRUST PLC,GUAR.N0000,116,10,3009,348029.25,0.75,0.65
02:13 PM,JOHN KEELLS HOTELS PLC,KHL.N0000,10.5,58,77174,817423.2,-0.3,-2.78
02:13 PM,UNION ASSURANCE PLC,UAL.N0000,284.75,7,186,53034,-0.25,-0.09
02:13 PM,DANKOTUWA PORCELAIN PLC,DPL.N0000,12.9,74,128052,1666134.4,-0.1,-0.77
02:14 PM,RENUKA FOODS PLC,COCO.X0000,11,6,2210,24310,0,0
02:14 PM,LOTUS HYDRO POWER PLC,HPFL.N0000,10,12,4668,46882,-0.4,-3.85
02:14 PM,SHALIMAR (MALAY) PLC,SHAL.N0000,1036.5,5,42,47374,0,0
02:15 PM,VIDULLANKA PLC,VLL.N0000,6,14,12449,74641.8,0,0
02:15 PM,MALWATTE VALLEY PLANTATIONS PLC,MAL.N0000,15,33,100506,1486049.2,0.5,3.45
02:16 PM,AITKEN SPENCE HOTEL HOLDINGS PLC,AHUN.N0000,31.1,32,10172,316994,-0.4,-1.27
02:16 PM,COLOMBO CITY HOLDINGS PLC,PHAR.N0000,1151,13,31,35401.5,0,0
02:18 PM,TEA SMALLHOLDER FACTORIES PLC,TSML.N0000,34.1,17,3081,105843.5,-0.9,-2.57
02:18 PM,ASIRI SURGICAL HOSPITAL PLC,AMSL.N0000,14.6,19,4828,70271.4,-0.1,-0.68
02:18 PM,YORK ARCADE HOLDINGS PLC,YORK.N0000,200.5,25,1072,216936.75,-7.5,-3.61
02:18 PM,RICHARD PIERIS AND COMPANY PLC,RICH.N0000,17.1,89,412543,7014363.6,0.1,0.59
02:19 PM,AMANA BANK PLC,ABL.N0000,3.2,25,97810,307190.8,0,0
02:19 PM,KOTMALE HOLDINGS PLC,LAMB.N0000,381,4,17,6807.25,0,0
02:19 PM,GALADARI HOTELS (LANKA) PLC,GHLL.N0000,9.1,10,1729,15611,0.1,1.11
02:20 PM,ACL PLASTICS PLC,APLA.N0000,269.25,26,5333,1436916.5,2.25,0.84
02:20 PM,SAMSON INTERNATIONAL PLC,SIL.N0000,188,16,1664,325145.5,0,0
02:21 PM,AGSTAR PLC,AGST.N0000,7.6,15,29818,227321.2,0.1,1.33
02:21 PM,MARAWILA RESORTS PLC,MARA.N0000,2.1,52,449754,906648.4,0,0
02:21 PM,MACKWOODS ENERGY PLC,MEL.N0000,2.8,45,215038,603223,0,0
02:22 PM,RICHARD PIERIS EXPORTS PLC,REXP.N0000,396,33,2318,914538.25,1.75,0.44
02:22 PM,LOLC DEVELOPMENT FINANCE PLC,NIFL.N0000,464.75,308,7057,3129447,92.75,24.93
02:22 PM,KEGALLE PLANTATIONS PLC,KGAL.N0000,122,54,8216,993028.75,0.75,0.62
02:22 PM,SINGHE HOSPITALS PLC,SINH.N0000,2.3,62,467214,1064446.2,0,0
02:23 PM,LANKEM DEVELOPMENTS PLC,LDEV.N0000,4.5,41,352350,1591881.4,-0.1,-2.17
02:23 PM,PRIME FINANCE PLC,GSF.N0000,12.1,29,19860,242744.7,-0.6,-4.72
02:23 PM,RENUKA CAPITAL PLC,KZOO.N0000,6.7,58,301981,2025666,-0.2,-2.9
02:23 PM,MASKELIYA PLANTATIONS PLC,MASK.N0000,12.3,29,7560,92255.9,0.3,2.5
02:23 PM,MADULSIMA PLANTATIONS PLC,MADU.N0000,8.9,6,4089,36392.1,-0.1,-1.11
02:24 PM,TAL LANKA HOTELS PLC,TAJ.N0000,14.2,8,2115,30094.9,-0.3,-2.07
02:24 PM,PALM GARDEN HOTELS PLC,PALM.N0000,58.1,65,20213,1168502.5,0.1,0.17
02:24 PM,THE COLOMBO FORT LAND & BUILDING PLC,CFLB.N0000,15,57,75365,1135692.9,0.5,3.45
02:24 PM,PANASIAN POWER PLC,PAP.N0000,4.1,30,261373,1072529.3,-0.1,-2.38
02:24 PM,ORIENT FINANCE PLC,BFN.N0000,15.6,11,65952,1027731.2,0.1,0.65
02:24 PM,JOHN KEELLS PLC,JKL.N0000,68.3,14,1804,123287.3,1.7,2.55
02:24 PM,ELPITIYA PLANTATIONS PLC,ELPL.N0000,46,39,21784,1002717.3,-0.5,-1.08
02:24 PM,CEYLINCO INSURANCE PLC,CINS.X0000,999.75,27,649,648979.5,-0.25,-0.03
02:25 PM,SINGER (SRI LANKA) PLC,SINS.N0000,18.8,95,147788,2780542.1,-0.2,-1.05
02:25 PM,BLUE DIAMONDS JEWELLERY WORLDWIDE PLC,BLUE.X0000,0.5,12,51939,22696.9,0,0
02:25 PM,BERUWALA RESORTS PLC,BERU.N0000,1,31,299633,271435.5,0,0
02:25 PM,B P P L HOLDINGS PLC,BPPL.N0000,19.6,77,86298,1701485.5,-0.4,-2
02:25 PM,FIRST CAPITAL HOLDINGS PLC,CFVF.N0000,55.9,107,89474,5027468.1,-0.5,-0.89
02:25 PM,ABANS FINANCE PLC,AFSL.N0000,30,11,38652,1160916.3,-1,-3.23
02:25 PM,ANILANA HOTELS AND PROPERTIES PLC,ALHP.N0000,1.1,17,103294,113642.7,0,0
02:25 PM,RENUKA HOLDINGS PLC,RHL.N0000,15.1,36,170279,2550701.9,-0.2,-1.31
02:25 PM,VALLIBEL POWER ERATHNA PLC,VPEL.N0000,8.5,185,883951,7506314.6,0.1,1.19
02:25 PM,CENTRAL FINANCE COMPANY PLC,CFIN.N0000,90.1,73,44687,4025214.9,-0.6,-0.66
02:25 PM,LAUGFS GAS PLC,LGL.X0000,13.5,98,100571,1329194.7,-0.1,-0.74
02:25 PM,LAXAPANA BATTERIES PLC,LITE.N0000,14.9,22,7838,116556.5,0.3,2.05
02:26 PM,KEELLS FOOD PRODUCTS PLC,KFP.N0000,170,7,31,5193.75,0,0
02:26 PM,ASIA SIYAKA COMMODITIES PLC,ASIY.N0000,3.2,158,1007810,3211914.5,-0.2,-5.88
02:26 PM,REGNIS(LANKA) PLC,REG.N0000,81,48,29157,2358849.5,-0.9,-1.1
02:26 PM,CEYLON TOBACCO COMPANY PLC,CTC.N0000,975,18,3165,3087917,-4,-0.41
02:26 PM,UNISYST ENGINEERING PLC,ALUF.N0000,9,71,93176,835760.9,0.2,2.27
02:26 PM,CITIZENS DEVELOPMENT BUSINESS FINANCE PLC,CDB.N0000,134.75,10,3153,424678.75,-1.25,-0.92
02:26 PM,SIERRA CABLES PLC,SIRA.N0000,7.3,27,45372,331036.8,0,0
02:26 PM,HOUSING DEVELOPMENT FINANCE CORPORATION BANK OF SRI LANKA,HDFC.N0000,36,13,5224,186384.6,0.1,0.28
02:26 PM,COMMERCIAL CREDIT AND FINANCE PLC,COCR.N0000,25.2,127,148814,3769741.3,-0.6,-2.33
02:26 PM,LEE HEDGES PLC,SHAW.N0000,71.4,27,75757,5313819.9,0.1,0.14
02:26 PM,NATIONS TRUST BANK PLC,NTB.N0000,56.2,75,37068,2088665.5,-0.6,-1.06
02:27 PM,RAMBODA FALLS PLC,RFL.N0000,22.1,27,7402,166025.5,0.8,3.76
02:27 PM,CENTRAL INDUSTRIES PLC,CIND.N0000,113.5,125,106649,12067244,-0.25,-0.22
02:27 PM,JANASHAKTHI INSURANCE PLC,JINS.N0000,28,83,132783,3713900.2,0.3,1.08
02:27 PM,LANKA IOC PLC,LIOC.N0000,20.6,57,61924,1287769.1,-0.3,-1.44
02:27 PM,RESUS ENERGY PLC,HPWR.N0000,27.1,6,207,5621.7,0.1,0.37
02:27 PM,NAWALOKA HOSPITALS PLC,NHL.N0000,6.2,36,964211,5978613.2,-0.1,-1.59
02:27 PM,WASKADUWA BEACH RESORT PLC,CITW.N0000,3.7,55,209765,783173,-0.1,-2.63
02:27 PM,SOFTLOGIC FINANCE PLC,CRL.N0000,9.7,5,512,4965.6,-0.1,-1.02
02:27 PM,EAST WEST PROPERTIES PLC,EAST.N0000,10.2,80,258423,2620281.1,-0.2,-1.92
02:27 PM,SELINSING PLC,SELI.N0000,670.5,9,30,21161,0,0
02:27 PM,LANKA REALTY INVESTMENTS PLC,ASCO.N0000,31.8,9,1463,45635.5,0.3,0.95
02:27 PM,PEOPLE'S INSURANCE PLC,PINS.N0000,34.7,50,72906,2527043.6,0.2,0.58
02:27 PM,ABANS ELECTRICALS PLC,ABAN.N0000,180.5,44,7012,1256363.25,7.25,4.18
02:27 PM,EDEN HOTEL LANKA PLC,EDEN.N0000,14.3,168,1207646,17320521.3,0.1,0.7
02:27 PM,CITIZENS DEVELOPMENT BUSINESS FINANCE PLC,CDB.X0000,95.3,70,58265,5503454.9,1.3,1.38
02:27 PM,TALAWAKELLE TEA ESTATES PLC,TPL.N0000,46.8,41,4608,216565.9,-0.2,-0.43
02:27 PM,PEGASUS HOTELS OF CEYLON PLC,PEG.N0000,31.8,6,267,8441.8,-1.8,-5.36
02:27 PM,DIALOG FINANCE PLC,CALF.N0000,86.6,9,467,40453.8,2.5,2.97
02:27 PM,NESTLE LANKA PLC,NEST.N0000,1325.25,39,1763,2339448.25,-23.25,-1.72
02:27 PM,COMMERCIAL BANK OF CEYLON PLC,COMB.X0000,77.2,88,77206,5987690.6,-0.7,-0.9
02:27 PM,CEYLON INVESTMENT PLC,CINV.N0000,60.5,49,34464,2082343.8,0.5,0.83
02:27 PM,SUNSHINE HOLDINGS PLC,SUN.N0000,26,147,801389,20880723.6,0,0
02:27 PM,KELANI VALLEY PLANTATIONS PLC,KVAL.N0000,42,18,2620,110114.5,-0.2,-0.47
02:27 PM,CEYLON TEA BROKERS PLC,CTBL.N0000,4,67,309032,1244350.7,-0.1,-2.44
02:27 PM,RENUKA FOODS PLC,COCO.N0000,14,32,43437,609600.9,0,0
02:28 PM,ASSOCIATED MOTOR FINANCE COMPANY PLC,AMF.N0000,252,202,11368,2859117.25,1.75,0.7
02:28 PM,SEYLAN BANK PLC,SEYB.N0000,47.6,86,57423,2748619.2,-0.4,-0.83
02:28 PM,WATAWALA PLANTATIONS PLC,WATA.N0000,53,70,112804,5985516,-0.3,-0.56
02:28 PM,COMMERCIAL LEASING & FINANCE PLC,CLC.N0000,7.7,184,256196,1975970.4,0,0
02:28 PM,KELANI TYRES PLC,TYRE.N0000,92.5,90,65743,6071443.8,-0.3,-0.32
02:28 PM,SWISSTEK (CEYLON) PLC,PARQ.N0000,31.2,188,383333,12016677.8,0.2,0.65
02:28 PM,C M HOLDINGS PLC,COLO.N0000,100.25,57,25492,2539139.5,1.25,1.26
02:28 PM,MULLER AND PHIPPS (CEYLON) PLC,MULL.N0000,1.2,9,11183,13412.5,0,0
02:28 PM,SINGER INDUSTRIES (CEYLON) PLC,SINI.N0000,52,12,1701,88422.2,-2,-3.7
02:28 PM,THE KANDY HOTELS COMPANY (1938) PLC,KHC.N0000,7.9,58,59481,473234.1,-0.2,-2.47
02:28 PM,CHEMANEX PLC,CHMX.N0000,80.7,122,25088,2011288.2,5.6,7.46
02:28 PM,HAYLEYS LEISURE PLC,CONN.N0000,20.4,31,22109,452449.1,-0.3,-1.45
02:28 PM,CIC HOLDINGS PLC,CIC.N0000,52.6,210,693594,36399749.9,0.5,0.96
02:28 PM,AITKEN SPENCE PLC,SPEN.N0000,62.8,88,211235,13245432.6,-0.4,-0.63
02:28 PM,MALWATTE VALLEY PLANTATIONS PLC,MAL.X0000,8.5,67,193597,1639336.5,0.5,6.25
02:28 PM,UNION BANK OF COLOMBO PLC,UBC.N0000,11.6,91,435606,5059742.3,-0.2,-1.69
02:28 PM,TANGERINE BEACH HOTELS PLC,TANG.N0000,47.5,21,8574,407589.4,0,0
02:28 PM,NATION LANKA FINANCE PLC,CSF.N0000,0.8,17,238879,170671.2,0,0
02:28 PM,THREE ACRE FARMS PLC,TAFL.N0000,235,68,42980,10101627.5,-1.75,-0.74
02:28 PM,ASIRI HOSPITAL HOLDINGS PLC,ASIR.N0000,29.1,16,23074,677810.5,0.1,0.34
02:28 PM,COLOMBO FORT INVESTMENTS PLC,CFI.N0000,79.3,12,1088,86360.9,1.2,1.54
02:28 PM,ASIA ASSET FINANCE PLC,AAF.N0000,8,107,412836,3342625.3,0.5,6.67
02:28 PM,SIGIRIYA VILLAGE HOTELS PLC,SIGV.N0000,43.2,20,7517,330789.2,-0.1,-0.23
02:29 PM,HAYCARB PLC,HAYC.N0000,99.3,848,975589,96651923.65,0.9,0.91
02:29 PM,PIRAMAL GLASS CEYLON PLC,GLAS.N0000,14.4,174,522892,7552346,-0.1,-0.69
02:29 PM,LOLC HOLDINGS PLC,LOLC.N0000,469.75,1275,787975,366180840,14.75,3.24
02:29 PM,BROWNS INVESTMENTS PLC,BIL.N0000,6.4,600,13498196,86404736.3,0,0
02:29 PM,HAYLEYS FIBRE PLC,HEXP.N0000,75.2,731,378242,27679554.4,10.2,15.69
02:29 PM,DIALOG AXIATA PLC,DIAL.N0000,12,394,1648344,19805338.5,-0.1,-0.83
02:29 PM,KELANI CABLES PLC,KCAB.N0000,148.75,22,5619,837474.75,-0.25,-0.17
02:29 PM,LANKA ALUMINIUM INDUSTRIES PLC,LALU.N0000,27,211,770098,20740098.9,0.1,0.37
02:29 PM,ALUMEX PLC,ALUM.N0000,14.9,1118,9753886,143693392.2,0.9,6.43
02:29 PM,DIPPED PRODUCTS PLC,DIPD.N0000,59.3,2459,8564916,511911006.8,0.9,1.54
02:29 PM,ACL CABLES PLC,ACL.N0000,41.1,421,738027,30378000.2,-0.4,-0.96
02:29 PM,PAN ASIA BANKING CORPORATION PLC,PABC.N0000,16,167,490285,7855099.7,0,0
02:29 PM,EXPOLANKA HOLDINGS PLC,EXPO.N0000,66.9,3962,16723773,1112599352,2.1,3.24
02:29 PM,ROYAL CERAMICS LANKA PLC,RCL.N0000,39.1,1811,13442253,520998397.1,0.9,2.36
02:29 PM,HAYLEYS FABRIC PLC,MGT.N0000,23,452,2374600,54452954.3,0.2,0.88
02:29 PM,SAMPATH BANK PLC,SAMP.N0000,52.1,983,946046,49396550.8,-0.5,-0.95
02:29 PM,TOKYO CEMENT COMPANY (LANKA) PLC,TKYO.N0000,66.5,200,194246,12941473,-0.2,-0.3
02:29 PM,COMMERCIAL BANK OF CEYLON PLC,COMB.N0000,85.1,486,783183,67037681.5,-1.7,-1.96
02:29 PM,HAYLEYS PLC,HAYL.N0000,83.9,807,5247220,437714026.4,1.5,1.82
02:29 PM,RAIGAM WAYAMBA SALTERNS PLC,RWSL.N0000,6.4,172,680335,4331615,0.3,4.92
02:29 PM,TOKYO CEMENT COMPANY (LANKA) PLC,TKYO.X0000,58.1,385,647103,37747079.3,-0.2,-0.34
02:29 PM,JOHN KEELLS HOLDINGS PLC,JKH.N0000,139.25,190,186183,26036798.75,-1.25,-0.89
02:29 PM,LOLC FINANCE PLC,LOFC.N0000,7,126,749751,5302746.8,0,0
02:29 PM,VALLIBEL ONE PLC,VONE.N0000,58.6,1261,2153538,127590872.3,0.6,1.03
02:29 PM,AMBEON HOLDINGS PLC,GREG.N0000,25.6,393,1344879,33483299.2,2.5,10.82
02:29 PM,PEOPLE'S LEASING & FINANCE PLC,PLC.N0000,13.2,140,1248266,16501183.1,-0.2,-1.49
02:29 PM,BALANGODA PLANTATIONS PLC,BALA.N0000,15.8,90,150744,2382340.8,0.3,1.94
02:29 PM,COLOMBO LAND & DEVELOPMENT COMPANY PLC,CLND.N0000,29.1,29,59977,1746655.1,-1.2,-3.96
02:29 PM,LANKA MILK FOODS (CWE) PLC,LMF.N0000,172.25,211,99961,17188074.75,4.5,2.68
02:29 PM,ACCESS ENGINEERING PLC,AEL.N0000,23,264,855534,19686754.4,-0.1,-0.43
02:29 PM,HATTON NATIONAL BANK PLC,HNB.X0000,108.5,68,71826,7807263.5,-1.5,-1.36
02:29 PM,HNB ASSURANCE PLC,HASU.N0000,49.5,190,122559,6076251.9,-0.4,-0.8
02:29 PM,BROWN & COMPANY PLC,BRWN.N0000,186.5,428,405340,74972093.75,4.25,2.33
02:29 PM,LAUGFS GAS PLC,LGL.N0000,20.2,142,98062,1970181.7,-0.7,-3.35
02:29 PM,CEYLON GRAIN ELEVATORS PLC,GRAN.N0000,144.25,178,264096,38138118.75,0.75,0.52
02:29 PM,LANKA TILES PLC,TILE.N0000,55.6,301,772534,43062861.6,0.2,0.36
02:29 PM,MULTI FINANCE PLC,MFL.N0000,12.8,98,125503,1591084.7,0.7,5.79
02:29 PM,DISTILLERIES COMPANY OF SRI LANKA PLC,DIST.N0000,19.8,38,26560,526874.2,0,0
02:29 PM,R I L PROPERTY PLC,RIL.N0000,8.1,281,2133318,17357706,0.2,2.53
02:29 PM,TEEJAY LANKA PLC,TJL.N0000,43,350,942587,40790396.1,-0.5,-1.15
02:29 PM,CIC HOLDINGS PLC,CIC.X0000,44.3,141,501756,22194880.9,0.4,0.91
02:29 PM,CEYLON COLD STORES PLC,CCS.N0000,660,14,763,503508.5,-2,-0.3
02:29 PM,DFCC BANK PLC,DFCC.N0000,60.2,178,162329,9787872.4,-0.7,-1.15
02:29 PM,HEMAS HOLDINGS PLC,HHL.N0000,80.6,102,288006,23546899,-1.5,-1.83
02:29 PM,KOTAGALA PLANTATIONS PLC,KOTA.N0000,5.6,204,417406,2361326.3,0,0
02:29 PM,SEYLAN BANK PLC,SEYB.X0000,37.5,101,68254,2574066.3,-0.5,-1.32
02:29 PM,SOFTLOGIC HOLDINGS PLC,SHL.N0000,11,79,231968,2556776.2,-0.3,-2.65
02:29 PM,HARISCHANDRA MILLS PLC,HARI.N0000,4081.75,5,5,20650,0,0
02:29 PM,E B CREASY & COMPANY PLC,EBCR.N0000,25.5,71,32613,823386.7,0,0
02:29 PM,LANKA WALLTILES PLC,LWL.N0000,68.8,543,955383,65267795.9,1.7,2.53
02:29 PM,MELSTACORP PLC,MELS.N0000,52.4,483,1215710,63345603.7,0.9,1.75
02:29 PM,CHEVRON LUBRICANTS LANKA PLC,LLUB.N0000,111,325,412830,45793061.75,0.5,0.45
02:29 PM,INDUSTRIAL ASPHALTS (CEYLON) PLC,ASPH.N0000,0.5,80,962128,437633.6,0,0
02:29 PM,OVERSEAS REALTY (CEYLON) PLC,OSEA.N0000,16,51,268115,4287492.6,0,0
02:29 PM,THE KINGSBURY PLC,SERV.N0000,8.1,43,150164,1225706.8,0.1,1.25
02:29 PM,SOFTLOGIC LIFE INSURANCE PLC,AAIC.N0000,30.8,105,74619,2302133.2,-0.7,-2.22
02:29 PM,VALLIBEL FINANCE PLC,VFIN.N0000,38.7,477,378674,14713013.4,-0.4,-1.02
02:29 PM,BOGALA GRAPHITE LANKA PLC,BOGA.N0000,53,647,599930,29894756.9,10.6,25
02:29 PM,BAIRAHA FARMS PLC,BFL.N0000,162,132,93326,15296444.25,-1.75,-1.07
02:29 PM,SMB LEASING PLC,SEMB.N0000,0.5,104,13853043,7111914.3,0,0
02:29 PM,C. W. MACKIE PLC,CWM.N0000,70.7,82,152956,10814606.8,0,0
02:29 PM,HVA FOODS PLC,HVA.N0000,7,46,1341220,9399838.2,0.2,2.94
02:29 PM,SMB LEASING PLC,SEMB.X0000,0.2,228,135367052,27090243.5,0,0
02:29 PM,AMANA TAKAFUL PLC,ATL.N0000,8.8,6,1764,15523.2,-0.2,-2.22
02:29 PM,CARSON CUMBERBATCH PLC,CARS.N0000,299.75,18,8913,2672141.5,-0.25,-0.08
02:29 PM,UDAPUSSELLAWA PLANTATIONS PLC,UDPL.N0000,22.2,39,14080,311715.2,-1.3,-5.53
02:29 PM,CARGO BOAT DEVELOPMENT COMPANY PLC,CABO.N0000,72,47,26973,1936205.3,3.4,4.96
02:29 PM,HATTON NATIONAL BANK PLC,HNB.N0000,129.5,196,86209,11190641.25,-1.5,-1.15
02:29 PM,NATIONAL DEVELOPMENT BANK PLC,NDB.N0000,77.3,158,81715,6322950.5,-0.7,-0.9
02:29 PM,L B FINANCE PLC,LFIN.N0000,64.1,593,2175146,139520777.1,-1,-1.54
02:29 PM,THE NUWARA ELIYA HOTELS COMPANY PLC,NEH.N0000,1204.75,14,48,56710,0,0
11:00 AM,THE AUTODROME PLC,AUTO.N0000,82.6,1,10,805,0,0
11:00 AM,AMANA TAKAFUL LIFE PLC,ATLL.N0000,9.8,1,10,90,0,0
11:00 AM,ASIAN HOTELS & PROPERTIES PLC,AHPL.N0000,40,1,10,385,0,0
11:18 AM,GESTETNER OF CEYLON PLC,GEST.N0000,83.8,2,20,1716,0,0
11:21 AM,HUNTERS & COMPANY PLC,HUNT.N0000,813.75,1,1,763.25,0,0
11:22 AM,BIMPUTH FINANCE PLC,BLI.N0000,9.2,3,310,2848,0.3,3.37
11:36 AM,DILMAH CEYLON TEA COMPANY PLC,CTEA.N0000,699.25,1,1,690,0,0
11:37 AM,ON ALLY HOLDINGS PLC,ONAL.N0000,33.7,1,10,334,0,0
11:49 AM,DOLPHIN HOTELS PLC,STAF.N0000,29,4,29,811.5,0,0
12:01 PM,MERCANTILE SHIPPING COMPANY PLC,MSL.N0000,84.5,8,510,43097,-1.7,-1.97
12:03 PM,INDO MALAY PLC,INDO.N0000,1123.2,3,3,3628.25,0,0
12:04 PM,GOOD HOPE PLC,GOOD.N0000,1005,4,7,7026,0,0
12:07 PM,SEYLAN DEVELOPMENTS PLC,CSD.N0000,15,38,42307,632891.8,0,0
12:13 PM,HORANA PLANTATIONS PLC,HOPL.N0000,21.6,3,282,6181.6,-0.8,-3.57
12:22 PM,UNION CHEMICALS LANKA PLC,UCAR.N0000,800,3,102,81571,1,0.13
12:28 PM,SINHAPUTHRA FINANCE PLC,SFL.N0000,8.7,11,19781,173234,0.2,2.35
12:51 PM,PROPERTY DEVELOPMENT PLC,PDL.N0000,125.5,2,3,377.5,0,0
12:52 PM,C T HOLDINGS PLC,CTHR.N0000,188,12,8718,1630215,5.75,3.16
12:58 PM,RADIANT GEMS INTERNATIONAL PLC,RGEM.N0000,22.2,13,3840,85431,-0.4,-1.77
